xpc16w2048, 127.0.0.2, 0, 0, 35063, 24293, 
xpc16w2048, 127.0.0.3, 1, 0, 29172, 24316, 
xpc16w2048, 127.0.0.4, 2, 0, 25443, 24311, 
Host,,,,,,42713,25386
xpc16w2048, 127.0.0.2, 0, 0, 34334, 24114, 
xpc16w2048, 127.0.0.3, 1, 0, 31624, 24132, 
xpc16w2048, 127.0.0.4, 2, 0, 25255, 24129, 
Host,,,,,,37493,25198
xpc16w2048, 127.0.0.2, 0, 0, 35020, 24112, 
xpc16w2048, 127.0.0.3, 1, 0, 29939, 24123, 
xpc16w2048, 127.0.0.4, 2, 0, 25244, 24117, 
Host,,,,,,43362,25188
xpc16w2048, 127.0.0.2, 0, 0, 33340, 24161, 
xpc16w2048, 127.0.0.3, 1, 0, 29648, 24178, 
xpc16w2048, 127.0.0.4, 2, 0, 25305, 24177, 
Host,,,,,,41421,25248
xpc16w2048, 127.0.0.2, 0, 0, 32905, 24550, 
xpc16w2048, 127.0.0.3, 1, 0, 29025, 24569, 
xpc16w2048, 127.0.0.4, 2, 0, 25679, 24564, 
Host,,,,,,41256,25621
